股票代码,股票名称
002284,亚太股份
002946,新乳业
002666,德联集团
603995,甬金股份
002803,吉宏股份
002543,万和电气
600714,金瑞矿业
600202,哈空调
603041,美思德
600251,冠农股份
002644,佛慈制药
002283,天润工业
605337,李子园
002634,棒杰股份
600768,宁波富邦
003036,泰坦股份
603538,美诺华
002842,翔鹭钨业
603956,威派格
600197,伊力特
000039,中集集团
000917,电广传媒
002209,达 意 隆
000541,佛山照明
603810,丰山集团
603037,凯众股份
002456,欧菲光
001322,箭牌家居
000037,深南电A
600138,中青旅
002780,三夫户外
002144,宏达高科
002800,天顺股份
605300,佳禾食品
002274,华昌化工
000521,长虹美菱
601949,中国出版
002125,湘潭电化
002695,煌上煌
603609,禾丰股份
002783,凯龙股份
600630,龙头股份
002832,比音勒芬
601083,锦江航运
603886,元祖股份
603223,恒通股份
001260,坤泰股份
600152,维科技术
600319,亚星化学
002204,大连重工
002469,三维化学
000417,合百集团
002646,天佑德酒
002301,齐心集团
600615,鑫源智造
003000,劲仔食品
002705,新宝股份
603335,迪生力
603113,金能科技
002454,松芝股份
002677,浙江美大
603162,海通发展
603866,桃李面包
002887,绿茵生态
605208,永茂泰
002810,山东赫达
603227,雪峰科技
600267,海正药业
000888,峨眉山Ａ
600620,天宸股份
000655,金岭矿业
603182,嘉华股份
000011,深物业A
002521,齐峰新材
002696,百洋股份
001216,华瓷股份
002748,世龙实业
600359,新农开发
603089,正裕工业
000679,大连友谊
603877,太平鸟
