Code,Name,Latest_Close,Latest_Volume,Max_Volume_60d,Low_Price_20d_Threshold
002196,方正电机,12.47,313307,2045989,12.905000000000001
002432,九安医疗,40.31,54339,411471,41.01
002880,卫光生物,25.57,4533,25324,26.115000000000002
603176,汇通集团,5.26,58599,493939,5.654999999999999
002017,东信和平,20.91,141600,1297063,21.11
603739,蔚蓝生物,14.2,26326,231747,14.6675
002761,浙江建投,8.54,67071,435910,8.8025
000681,视觉中国,22.32,302551,2171309,22.5225
002777,久远银海,17.69,34704,198350,18.207500000000003
603938,三孚股份,17.54,57060,573425,18.195
002055,得润电子,6.87,138227,1166854,6.9025
601965,中国汽研,16.45,39306,384975,16.6375
002365,永安药业,15.22,44427,440217,15.790000000000001
001319,铭科精技,25.16,16066,114155,25.405
002322,理工能科,11.9,22677,137443,12.105
603980,吉华集团,5.05,93927,1639101,5.255
605100,华丰股份,43.0,29899,207504,44.65
000877,天山股份,5.43,185216,1487132,5.5775
603032,德新科技,18.15,42693,475337,19.697499999999998
002400,省广集团,8.4,751016,6578566,8.735
002803,吉宏股份,15.79,100771,590516,15.8825
002676,顺威股份,7.97,111804,1022853,8.0525
001277,速达股份,38.26,8396,102111,38.8975
000409,云鼎科技,10.99,61768,591289,11.4225
605089,味知香,25.56,14315,104894,26.465
603948,建业股份,25.72,14954,217357,26.8125
600714,金瑞矿业,11.76,45667,370824,12.235
603496,恒为科技,27.21,67184,562495,27.575
600367,红星发展,15.36,88160,511776,16.215
002052,同洲电子,12.42,112909,976398,12.522499999999999
002580,圣阳股份,12.32,53199,432334,12.6325
603158,腾龙股份,9.74,74414,1146205,10.17
600438,通威股份,21.62,543527,3061780,22.4225
603291,联合水务,10.0,25217,220903,10.3125
603716,塞力医疗,20.67,48830,523600,21.0775
605577,龙版传媒,12.97,51734,269002,13.38
603138,海量数据,13.9,30593,369261,14.3225
002866,传艺科技,17.72,69081,358055,18.4675
600316,洪都航空,31.13,59061,297552,31.87
002033,丽江股份,8.81,72717,805328,8.86
603375,盛景微,37.58,10433,91276,39.0225
002945,华林证券,14.7,41536,585027,14.765
000789,万年青,5.32,29831,193406,5.4575000000000005
603006,联明股份,12.63,27689,235535,13.030000000000001
603395,红四方,29.44,18273,100354,31.1175
600168,武汉控股,5.13,58256,1764969,5.23
002980,华盛昌,21.52,15354,127482,22.255000000000003
600375,汉马科技,5.98,166583,1914714,6.1525
002753,永东股份,7.08,88199,624420,7.3675
000626,远大控股,7.67,64437,1153266,7.887499999999999
002715,登云股份,17.67,30714,184956,19.375
605378,野马电池,22.67,28437,284033,23.6025
002286,保龄宝,8.77,79336,573696,9.225
600097,开创国际,11.53,83952,544316,12.219999999999999
603051,鹿山新材,19.83,23158,208961,20.6425
002601,龙佰集团,17.8,117863,667337,17.83
002424,贵州百灵,5.35,127428,1385104,5.4174999999999995
601311,骆驼股份,9.05,185034,1146862,9.195
605399,晨光新材,13.44,83903,553497,14.817499999999999
605050,福然德,12.9,27887,392632,13.1575
000755,山西高速,5.1,93329,924640,5.262499999999999
605011,杭州热电,20.28,17056,145649,20.8225
002186,全 聚 德,11.48,51168,397162,11.5475
002040,南 京 港,10.03,68819,1015030,10.1925
003030,祖名股份,19.72,19925,137227,20.515
002100,天康生物,6.94,261332,1664404,7.04
001282,三联锻造,20.22,24135,422614,20.8525
603232,格尔软件,22.51,166772,895126,23.927500000000002
002283,天润工业,5.99,101426,977451,6.05
601999,出版传媒,6.9,68816,377058,7.09
600769,祥龙电业,12.5,55611,569456,12.754999999999999
603282,亚光股份,18.77,20095,135688,19.3675
002415,海康威视,29.63,491281,2910955,29.732499999999998
002420,毅昌科技,7.02,71338,699703,7.0875
002949,华阳国际,13.28,33864,223192,13.692499999999999
000921,海信家电,25.95,74836,491544,26.1075
605337,李子园,11.63,34304,244849,11.935
002181,粤 传 媒,8.47,331849,2641528,8.760000000000002
603275,众辰科技,41.34,13721,88412,41.84
001238,浙江正特,49.54,2654,17483,50.2825
603856,东宏股份,12.32,18717,155943,12.5975
601669,中国电建,5.26,960275,5675427,5.315
000027,深圳能源,6.6,135701,2130113,6.6275
600110,诺德股份,6.94,586180,2946690,7.295
603181,皇马科技,14.16,55054,437465,14.602500000000001
000034,神州数码,38.75,95952,908850,40.0775
002728,特一药业,11.74,275476,1688446,12.5475
000096,广聚能源,10.38,29415,386388,10.797500000000001
603351,威尔药业,26.01,4691,30435,26.8575
002878,元隆雅图,17.61,87584,695544,18.6325
002743,富煌钢构,5.29,91871,616799,5.4375
003010,若羽臣,34.54,29924,204571,34.599999999999994
003025,思进智能,13.78,33210,328599,13.885
000848,承德露露,8.5,85371,568069,8.5175
600006,东风股份,7.12,117481,1232612,7.3549999999999995
605336,帅丰电器,14.63,24647,159570,15.1475
000998,隆平高科,9.46,97911,556992,9.5775
000628,高新发展,42.24,44123,235549,42.72
600081,东风科技,11.55,23717,152902,11.845
003036,泰坦股份,15.97,26398,286475,16.43
600038,中直股份,34.88,52542,267441,35.09
603538,美诺华,19.87,28853,207639,20.06
605069,正和生态,9.46,40322,211109,9.83
603187,海容冷链,14.7,40317,222200,14.897499999999999
000058,深 赛 格,9.03,67201,1305056,9.1325
601008,连云港,5.17,85093,1593346,5.2875
603639,海利尔,12.38,15465,151826,12.6675
603310,巍华新材,17.05,16108,91018,17.2575
600797,浙大网新,10.13,228163,2986493,10.4375
600215,派斯林,6.76,37904,474590,6.9225
002809,红墙股份,10.36,55942,443925,10.77
002674,兴业科技,12.09,61341,358371,12.665
002806,华锋股份,11.91,82160,504571,12.71
002941,新疆交建,15.93,107042,1741267,16.1275
002900,哈三联,13.19,53028,285677,13.455
600536,中国软件,43.7,124355,1138729,45.010000000000005
603697,有友食品,12.22,42071,361269,12.3525
002733,雄韬股份,20.2,90346,636762,20.43
001229,魅视科技,38.03,20911,137964,39.235
603956,威派格,6.25,90042,1029097,6.4375
603656,泰禾智能,22.55,22107,202343,22.64
000025,特  力Ａ,17.7,99394,526250,18.515
002591,恒大高新,6.3,160546,1039299,6.6225
001218,丽臣实业,22.26,9969,99933,22.509999999999998
000158,常山北明,20.71,348130,2646385,21.69
002119,康强电子,16.35,82540,745913,16.3625
003020,立方制药,27.66,14440,106334,28.042499999999997
000061,农 产 品,9.23,140477,1066956,9.495000000000001
002771,真视通,15.24,35026,249756,15.855
603010,万盛股份,10.5,65749,466046,10.9625
600419,天润乳业,9.42,26254,172939,9.6225
000503,国新健康,9.2,109917,568700,9.4375
000928,中钢国际,6.38,165062,1459767,6.385
002068,黑猫股份,9.0,93608,842931,9.440000000000001
603035,常熟汽饰,15.11,42615,627636,15.295
002576,通达动力,16.59,27983,145955,16.7075
002859,洁美科技,28.95,17817,106091,29.197499999999998
600223,福瑞达,7.25,65867,440172,7.4925
002734,利民股份,15.63,111158,755507,16.425
002242,九阳股份,10.32,134414,724530,10.6525
002010,传化智联,5.65,129894,1654760,5.7975
002864,盘龙药业,32.0,45192,287777,33.2725
603199,九华旅游,34.88,11111,99127,35.235
600611,大众交通,5.46,124673,805386,5.4925
600698,湖南天雁,8.95,88479,903088,9.21
600975,新五丰,5.88,135352,710203,6.01
002952,亚世光电,21.0,45093,230935,21.065
002612,朗姿股份,19.23,66101,513240,20.317500000000003
002107,沃华医药,6.15,91594,687957,6.325
603381,永臻股份,19.97,17424,157693,20.259999999999998
000045,深纺织Ａ,11.96,53983,947363,12.205
002747,埃斯顿,22.0,139342,709173,22.0025
603810,丰山集团,15.5,22450,182946,16.15
002351,漫步者,12.35,47231,615086,12.405
000831,中国稀土,45.75,192096,1295611,46.552499999999995
002998,优彩资源,7.37,49703,356944,7.615
603307,扬州金泉,39.11,5544,57768,40.769999999999996
000989,九芝堂,9.1,77112,591732,9.3675
603706,东方环宇,19.48,10503,72754,20.122500000000002
002456,欧菲光,10.53,593163,8100590,10.924999999999999
002598,山东章鼓,10.82,46938,235350,11.1175
605318,法狮龙,50.3,18884,139788,51.805
603848,好太太,18.63,11682,196244,18.990000000000002
002490,山东墨龙,6.46,196229,1862877,6.97
600826,兰生股份,10.55,75974,576845,11.075000000000001
600211,西藏药业,42.15,23387,179469,42.8275
603079,圣达生物,16.8,26044,220929,17.8375
603301,振德医疗,68.1,50757,341629,71.115
603676,卫信康,10.77,15164,81910,10.93
605116,奥锐特,22.05,10135,65997,22.279999999999998
600929,雪天盐业,5.78,107627,811871,5.855
000514,渝 开 发,5.11,198587,1642682,5.300000000000001
002298,中电鑫龙,10.4,447158,3486791,11.030000000000001
603045,福达合金,19.39,26655,144069,19.807499999999997
600635,大众公用,6.92,930340,7144790,7.1075
000885,城发环境,13.54,52405,273366,13.72
002176,江特电机,9.38,626869,3962383,10.1225
600405,动力源,5.3,79461,716739,5.404999999999999
603231,索宝蛋白,18.47,20544,189122,19.1225
002691,冀凯股份,8.04,71372,832185,8.795
600965,福成股份,5.32,120142,654651,5.505
605108,同庆楼,19.41,64859,357828,20.0275
002293,罗莱生活,9.42,56331,356402,9.4625
603137,恒尚节能,13.88,14477,80009,14.22
603311,金海高科,11.73,38780,196480,11.989999999999998
002574,明牌珠宝,5.46,114950,859479,5.7125
601512,中新集团,8.7,45483,378051,8.9125
002703,浙江世宝,12.15,72171,1137419,12.280000000000001
001308,康冠科技,20.71,19248,103549,21.0975
003038,鑫铂股份,15.21,24717,530672,15.7475
603001,奥康国际,8.59,60659,315752,8.815
603201,XD常润股,16.63,10247,126588,16.875
003007,直真科技,32.88,13539,157688,34.3425
000037,深南电A,8.53,72355,880991,8.74
002317,众生药业,20.77,376810,1929241,22.23
002416,爱施德,11.76,180447,917828,11.780000000000001
002968,新大正,11.24,39564,391552,11.57
002016,世荣兆业,6.06,92546,506445,6.2325
603218,日月股份,12.98,111434,1026494,13.0
603222,济民健康,9.18,127680,1299796,9.5625
600819,耀皮玻璃,8.03,82717,975384,8.23
600143,金发科技,17.9,501013,5758617,18.1175
002681,奋达科技,6.69,367469,2339133,6.869999999999999
603330,天洋新材,7.44,67571,452145,7.6125
002642,荣联科技,8.23,105536,2133421,8.5075
002780,三夫户外,14.49,109451,547623,15.157499999999999
000920,沃顿科技,12.0,42394,277434,12.2325
600916,中国黄金,8.04,137295,991892,8.067499999999999
603108,润达医疗,14.92,76971,479161,15.175
601555,东吴证券,8.93,312793,1923425,8.959999999999999
002053,云南能投,11.1,71778,571080,11.645
600063,皖维高新,5.87,269709,1880285,6.112500000000001
603038,华立股份,16.58,46593,342168,17.197499999999998
603776,永安行,18.14,14938,150632,18.51
001390,古麒绒材,25.9,38070,288146,27.665
605300,佳禾食品,11.76,37444,196344,12.025
605006,山东玻纤,7.13,53537,294732,7.305
002852,道道全,10.31,42879,253191,10.3475
601777,千里科技,10.42,155829,1625481,10.4225
002597,金禾实业,19.84,23078,311908,20.3825
603128,华贸物流,5.84,77369,599615,5.895
002423,中粮资本,11.52,79566,1908992,11.665000000000001
600478,科力远,6.61,356972,2603311,6.8325
002990,盛视科技,27.74,25625,164392,29.044999999999998
002846,英联股份,15.88,59781,589316,17.0975
002094,青岛金王,7.05,96744,1023993,7.2524999999999995
603260,合盛硅业,51.89,74341,527612,55.1275
002707,众信旅游,6.85,100132,795196,6.855
002079,苏州固锝,9.53,86872,708290,9.64
603332,苏州龙杰,12.13,30482,241707,12.55
002245,蔚蓝锂芯,16.03,237147,2944945,16.1975
603406,天富龙,39.06,13345,123422,40.43
002227,奥 特 迅,12.82,44575,498771,13.155
600749,西藏旅游,16.62,29309,436949,17.052500000000002
600315,上海家化,22.75,48756,323490,23.0675
600787,中储股份,5.68,175677,1200867,5.744999999999999
000815,美利云,11.1,72143,408403,11.434999999999999
002827,高争民爆,34.99,22770,228211,35.4175
601808,中海油服,13.75,91475,501821,14.0125
600516,方大炭素,5.83,525589,3883723,6.065
000421,南京公用,6.82,128103,977226,7.0275
001228,永泰运,25.38,12212,115523,26.22
600756,浪潮软件,18.1,207403,1497281,19.66
002101,广东鸿图,12.05,64280,391986,12.3625
600825,新华传媒,6.43,49405,302651,6.5725
002232,启明信息,18.11,38312,539218,18.400000000000002
000985,大庆华科,18.34,21359,208832,18.775
000983,山西焦煤,6.44,247843,2206437,6.65
603111,康尼机电,6.93,71389,359914,6.9325
002455,百川股份,6.76,176622,1285058,7.225
000521,长虹美菱,6.56,59076,319581,6.66
600178,东安动力,11.55,30763,266082,11.8575
002177,御银股份,6.53,136413,1561227,6.615
600812,华北制药,5.59,77489,447904,5.73
002312,川发龙蟒,10.9,269852,2046292,11.425
002391,长青股份,5.65,60587,869268,5.915
603600,永艺股份,11.98,51214,340975,12.025
001255,博菲电气,30.99,11574,116755,31.215
600120,浙江东方,6.1,400917,5211572,6.2975
002629,仁智股份,7.65,67602,891810,8.05
600528,中铁工业,7.95,120394,894509,8.0125
603918,金桥信息,15.52,59046,491147,16.2675
603237,五芳斋,16.28,12841,76075,16.692500000000003
601677,明泰铝业,14.02,138327,702607,14.125
603726,朗迪集团,21.72,51774,263924,22.045
002103,广博股份,9.17,59039,308004,9.395
603922,金鸿顺,19.4,17327,95439,19.5625
002041,登海种业,9.4,68921,348531,9.425
002511,中顺洁柔,7.96,79529,738280,8.08
603107,上海汽配,14.99,18473,156465,15.2325
600667,太极实业,7.8,444505,3890023,7.915
002370,亚太药业,7.24,396641,2898128,7.6525
600764,中国海防,27.03,85168,434157,28.525
603959,百利科技,6.07,222509,2014393,6.3675
002513,蓝丰生化,6.81,133677,1477549,7.52
002324,普利特,12.42,58019,384905,12.695
002011,盾安环境,12.51,124426,1047072,12.665000000000001
000555,神州信息,16.27,274417,2523997,17.195
002160,常铝股份,5.0,327732,2722753,5.2775
002367,康力电梯,7.09,77213,586701,7.1025
002125,湘潭电化,13.24,123421,862906,13.91
002173,创新医疗,20.98,167794,1021912,21.1275
002562,兄弟科技,6.36,178294,2450901,6.5275
605111,新洁能,33.54,81225,920320,34.3125
600470,六国化工,5.8,165371,1122276,6.1125
603917,合力科技,13.96,61609,392484,14.1275
002783,凯龙股份,8.84,63639,318623,9.1375
002929,润建股份,40.04,26218,301633,40.585
603226,菲林格尔,34.07,26624,161533,35.3975
002302,西部建设,6.08,64745,508115,6.2524999999999995
605588,冠石科技,50.12,10037,106716,50.825
002732,燕塘乳业,16.84,34282,268981,17.6375
002015,协鑫能科,9.96,183635,971481,10.045
000665,湖北广电,5.44,289790,2283484,5.8825
000026,飞亚达,14.93,43851,251570,15.182500000000001
605166,聚合顺,10.25,25927,252986,10.5025
000676,智度股份,8.3,166450,1376255,8.58
000062,深圳华强,24.6,68838,428449,25.307499999999997
002686,亿利达,6.55,242251,1303853,6.8125
603053,成都燃气,9.77,28747,231952,9.985
605507,国邦医药,23.12,18816,94087,23.2975
002062,宏润建设,9.45,135445,1447862,9.605
000048,京基智农,13.39,73701,479388,13.5825
600234,科新发展,11.33,41562,246016,11.7925
002669,康达新材,13.23,72453,737051,13.3325
002981,朝阳科技,29.15,28999,219788,29.745
600793,宜宾纸业,21.25,20446,157303,21.67
603189,网达软件,19.94,43840,515595,20.439999999999998
002189,中光学,23.16,29509,160362,23.6075
001298,好上好,30.35,45182,645746,31.89
002531,天顺风能,6.84,176703,1090323,6.93
001231,农心科技,21.31,21873,172087,21.945
000650,仁和药业,5.84,203693,1348175,5.91
002869,金溢科技,22.34,25885,160463,23.1
603949,雪龙集团,17.91,15624,269330,18.384999999999998
002826,易明医药,17.64,25024,189036,18.175
600676,交运股份,5.6,98702,824762,5.762499999999999
003040,楚天龙,18.2,59388,315176,18.4
603219,富佳股份,15.9,22048,359551,15.9525
002956,西麦食品,23.94,18999,100493,24.009999999999998
600989,宝丰能源,17.74,283810,1595668,18.1125
002369,卓翼科技,8.85,345187,1742979,9.272499999999999
002480,新筑股份,5.96,61515,500678,6.1575
603903,中持股份,14.8,72181,432859,15.4175
002623,亚玛顿,18.09,15231,121921,18.6025
605169,洪通燃气,13.26,19165,293059,13.6825
600429,三元股份,5.41,228773,1676667,5.5
000978,桂林旅游,6.51,82981,1012984,6.5975
600513,联环药业,17.87,69566,688205,19.1025
603505,金石资源,17.95,86854,444408,18.235
601956,东贝集团,6.96,104667,1179023,7.055
002915,中欣氟材,22.32,61832,667776,23.0
001209,洪兴股份,20.33,27519,291595,20.7475
603115,海星股份,18.13,21328,221699,18.4525
603725,天安新材,9.21,39092,353687,9.212499999999999
002624,完美世界,14.32,185579,1173202,14.4425
605151,西上海,18.4,14280,85267,19.145
603717,天域生物,7.8,95824,502482,8.3325
603811,诚意药业,10.69,37271,314664,10.8775
600917,重庆燃气,5.56,36987,385443,5.7325
002973,侨银股份,13.25,23828,126394,13.572500000000002
603378,亚士创能,6.85,71332,788319,6.9675
603839,安正时尚,7.74,53526,325363,8.1575
600903,贵州燃气,6.69,54469,680159,6.8425
600409,三友化工,5.77,221970,1673835,6.0225
603365,水星家纺,20.18,13656,87019,20.5425
002537,海联金汇,7.96,118665,751544,8.105
603200,上海洗霸,71.52,38013,214080,73.74000000000001
600621,华鑫股份,15.25,78272,470895,15.357500000000002
603285,键邦股份,24.18,13108,162593,24.470000000000002
600633,浙数文化,12.88,75817,904435,12.9325
002148,北纬科技,8.51,82891,1790837,8.705
603456,九洲药业,18.26,108229,749063,18.985
603588,高能环境,6.8,211910,1577427,6.8774999999999995
603326,我乐家居,8.64,47960,245012,8.8825
002577,雷柏科技,18.15,14228,119339,18.2325
002045,国光电器,14.23,105426,1291775,14.245
002731,萃华珠宝,12.94,80666,475966,13.782499999999999
603655,朗博科技,35.71,17115,88752,37.5175
002212,天融信,8.73,225612,2208608,8.945
603153,上海建科,16.99,17871,123079,17.4
600579,中化装备,8.52,57242,378174,8.735
000756,新华制药,15.99,175355,877886,16.1175
002824,和胜股份,17.84,25954,153810,18.46
001314,亿道信息,44.36,13985,157792,44.385
000531,穗恒运Ａ,6.46,98624,545399,6.5825
600789,鲁抗医药,9.36,180403,1055850,9.65
002570,贝因美,6.08,168856,1679097,6.137499999999999
605500,森林包装,8.59,22625,153367,8.81
600078,澄星股份,9.78,295367,1741276,10.6825
002907,华森制药,15.52,21636,114448,15.7475
002067,景兴纸业,5.28,461699,6414495,5.477499999999999
002207,准油股份,7.33,137662,920452,7.775
002566,益盛药业,7.71,97069,648528,8.045
600817,宇通重工,10.78,15124,83390,11.02
603056,德邦股份,13.79,39640,211041,14.075
002291,遥望科技,6.38,387866,2952984,6.895
002082,万邦德,12.22,96615,520762,12.49
600152,维科技术,6.64,186616,1465734,7.225
603867,新化股份,25.35,29953,173751,26.802500000000002
601606,长城军工,48.43,202209,1424188,50.68
600278,东方创业,7.44,83733,599094,7.675000000000001
603257,中国瑞林,57.26,13207,106439,58.0125
603366,日出东方,9.65,212403,2057943,10.26
600126,杭钢股份,8.1,263031,4740300,8.4175
603989,艾华集团,16.35,26571,242036,16.354999999999997
603072,天和磁材,42.05,18885,136263,42.8025
603666,亿嘉和,30.23,25023,187978,30.415
605183,确成股份,18.76,12591,68868,19.1675
001380,华纬科技,22.56,16106,146485,23.08
002116,中国海诚,10.34,50663,621419,10.5975
000619,海螺新材,6.1,117528,1123567,6.32
600319,亚星化学,9.02,62108,658805,9.0825
603088,宁波精达,10.09,68796,919032,10.3425
000410,沈阳机床,7.23,150922,1307880,7.485
302132,中航成飞,75.99,59063,302423,77.88
003001,中岩大地,20.79,19288,118727,21.252499999999998
605288,凯迪股份,85.89,6822,43968,90.7
001258,立新能源,7.26,125116,929197,7.5125
600629,华建集团,19.6,274667,1564990,20.1575
000586,汇源通信,13.16,51492,310069,13.335
001210,金房能源,16.4,12864,78588,16.695
603281,江瀚新材,26.94,15043,112865,27.235
600603,广汇物流,6.57,40398,385135,6.78
001339,智微智能,49.68,25735,177937,50.959999999999994
002393,力生制药,20.2,16227,124936,20.48
000625,长安汽车,11.64,530782,5679674,11.7375
002539,云图控股,10.78,141843,846905,11.0
002009,天奇股份,16.19,93725,633632,16.2775
600671,天目药业,16.64,19759,120092,17.09
600469,风神股份,6.67,77338,654239,6.7825
002688,金河生物,5.96,85432,577952,6.035
600119,长江投资,8.02,58051,402378,8.225
002077,大港股份,14.84,123915,930788,15.7325
600640,国脉文化,12.69,64450,550265,12.9175
002905,金逸影视,10.65,120961,658587,10.9175
002469,三维化学,8.16,112971,634977,8.3875
600560,金自天正,15.99,21040,127636,16.4875
600552,凯盛科技,11.09,128503,828603,11.295
002467,二六三,6.05,271450,3679596,6.165
600623,华谊集团,7.37,107860,742087,7.59
002387,维信诺,8.7,107184,1330735,8.905
603722,阿科力,38.0,8286,51758,39.2575
600207,安彩高科,5.1,115216,1236660,5.165
603616,韩建河山,5.14,112454,1128296,5.404999999999999
600054,黄山旅游,11.18,27527,464440,11.2225
003008,开普检测,21.52,19080,124216,22.24
002342,巨力索具,7.25,315418,1772416,7.285
002986,宇新股份,10.49,16056,106270,10.6725
002605,姚记科技,23.15,32427,200944,23.485
600459,贵研铂业,16.85,187626,1038207,17.03
600210,紫江企业,7.19,160342,1085035,7.2725
603558,健盛集团,11.38,44024,261356,11.5225
002074,国轩高科,38.7,348369,2124656,39.0775
001333,光华股份,21.75,13516,70301,22.44
603883,老百姓,15.42,67060,376971,15.8475
605178,时空科技,52.25,46293,347057,60.2
603585,苏利股份,17.14,12971,103788,17.735
600615,鑫源智造,11.12,23251,197320,11.4675
600269,赣粤高速,5.26,177982,1119206,5.275
002282,博深股份,7.3,56284,317163,7.390000000000001
603489,八方股份,30.54,22805,157738,30.845
605398,新炬网络,30.39,45148,259028,30.8925
002386,天原股份,5.26,163389,1710707,5.5024999999999995
603335,迪生力,5.6,111783,982424,5.82
600410,华胜天成,17.75,489182,5022295,18.795
603937,丽岛新材,11.52,41970,239485,11.995
001202,炬申股份,15.23,20692,291596,15.6275
002254,泰和新材,9.27,67545,432101,9.559999999999999
600610,中毅达,9.82,82586,1528305,10.375
000902,新洋丰,15.05,64876,379002,15.2725
000828,东莞控股,10.85,39906,243643,11.0425
603599,广信股份,11.25,35003,208050,11.525
601199,江南水务,5.6,53151,278413,5.7025
002950,奥美医疗,11.12,51265,627094,11.3375
002527,新时达,15.4,82921,876832,15.8025
600719,大连热电,5.84,48544,469586,6.01
600745,闻泰科技,39.12,441628,2554417,39.49
000565,渝三峡Ａ,7.34,72757,952227,7.475
603617,君禾股份,7.07,67232,471997,7.29
603881,数据港,31.24,207558,1308396,32.5175
003037,三和管桩,7.46,36263,498504,7.62
002403,爱仕达,12.82,46101,361842,12.8825
002875,安奈儿,15.69,28563,226404,16.0225
603185,弘元绿能,29.34,180137,1098820,30.8275
601390,中国中铁,5.43,727878,4796073,5.4625
000819,岳阳兴长,15.88,74378,380534,16.697499999999998
002120,韵达股份,6.88,184683,988146,6.935
603178,圣龙股份,18.0,17764,423027,18.405
600962,国投中鲁,19.82,14379,81755,20.0125
002840,华统股份,9.35,67883,557370,9.975
002910,庄园牧场,10.04,70447,566965,10.4775
600796,钱江生化,5.96,86054,464853,6.145
600517,国网英大,6.01,315578,2517745,6.0225
600199,金种子酒,9.73,53496,283813,9.915
600056,中国医药,10.63,243853,1561744,10.83
002161,远 望 谷,7.12,77658,522459,7.2725
603329,上海雅仕,10.83,30915,230500,11.2425
603300,海南华铁,7.14,764191,4610557,7.2175
002564,天沃科技,7.47,190624,988489,7.8
603086,先达股份,8.09,40122,991836,8.317499999999999
600530,交大昂立,7.21,97210,493996,7.37
600704,物产中大,5.41,365759,2257651,5.422499999999999
601360,三六零,11.59,1019744,7306527,12.1625
603000,人民网,19.22,109850,694023,19.65
603908,牧高笛,23.12,17431,111644,24.0025
002926,华西证券,9.43,154113,972558,9.4975
600604,市北高新,5.47,183010,1782693,5.63
605258,协和电子,31.1,13496,116136,31.545
603229,奥翔药业,9.49,45680,403249,9.71
600326,西藏天路,10.82,172295,1914185,11.190000000000001
002670,国盛证券,17.11,188351,2218988,17.225
600149,廊坊发展,5.07,89638,455888,5.33
600810,神马股份,8.38,122824,1185787,8.86
000795,英洛华,9.95,70505,1052065,10.0175
603320,迪贝电气,18.4,16174,131871,18.4525
601139,深圳燃气,6.53,58548,846185,6.602499999999999
002677,浙江美大,7.39,109189,692599,7.6625
001299,美能能源,11.3,34778,347399,11.6425
000617,中油资本,9.06,691378,4746332,9.0725
002616,长青集团,5.55,77142,417992,5.7524999999999995
600506,统一股份,23.89,120019,663791,26.240000000000002
605286,同力日升,39.39,14618,74255,40.215
002736,国信证券,12.79,362340,2031067,12.955
002659,凯文教育,5.64,161072,1148063,5.7725
000670,盈方微,7.51,123611,860064,7.5375000000000005
002221,东华能源,7.62,82692,480691,7.85
600805,悦达投资,5.32,135486,696750,5.425000000000001
002279,久其软件,7.92,421266,3295436,8.3325
603477,巨星农牧,17.13,42543,386365,17.212500000000002
000810,创维数字,11.42,86892,890481,11.682500000000001
002057,中钢天源,9.94,66268,707651,10.1675
002054,德美化工,7.42,97945,1180387,7.6425
002960,青鸟消防,10.25,139661,935291,10.502500000000001
002887,绿茵生态,8.93,34058,231096,9.184999999999999
600403,大有能源,7.42,403589,2138232,8.3525
603197,保隆科技,34.84,16738,200934,34.894999999999996
000006,深振业Ａ,10.01,259932,2261318,10.264999999999999
603207,小方制药,28.51,6131,59603,28.985
600822,上海物贸,10.5,53390,594156,10.75
600508,上海能源,12.03,32801,319060,12.43
601061,中信金属,13.9,176972,967536,14.25
600605,汇通能源,27.93,12879,97320,28.1775
002457,青龙管业,10.69,58380,837936,10.9925
002178,延华智能,6.44,170111,1303025,6.775
002626,金达威,18.4,42504,238960,18.93
605208,永茂泰,12.89,46329,309206,13.2325
601059,信达证券,17.79,180121,1940441,18.285
600645,中源协和,26.44,69154,356126,26.44
603165,荣晟环保,12.38,28449,195072,12.5225
603271,永杰新材,38.29,14091,72284,38.7325
002362,汉王科技,21.38,42595,348907,21.975
002059,云南旅游,5.24,157031,1980541,5.475
002195,岩山科技,6.84,1050402,11635218,6.9175
603020,爱普股份,9.78,33123,318388,10.0225
603889,新澳股份,7.4,83786,575853,7.445
603102,百合股份,40.87,5038,39311,41.745
000151,中成股份,11.96,32756,169894,12.21
003005,竞业达,19.64,25667,223695,20.1825
000710,贝瑞基因,11.18,63103,493697,11.815
600718,东软集团,9.83,116031,1582287,10.02
600262,北方股份,24.94,33607,342062,25.025
603033,三维股份,10.75,44082,299156,10.87
603367,辰欣药业,18.03,94127,654894,18.845
002333,罗普斯金,5.49,114778,1081923,5.7375
603227,雪峰科技,8.13,56304,709369,8.3475
600376,首开股份,5.65,872411,4814853,5.8675
605259,绿田机械,21.37,10286,84275,21.42
002786,银宝山新,8.75,63941,385361,8.91
000930,中粮科技,5.73,80322,490470,5.83
002811,郑中设计,13.21,74579,592309,13.7825
600267,海正药业,10.32,84036,599350,10.504999999999999
000888,峨眉山Ａ,12.64,130498,1047807,12.975000000000001
600992,贵绳股份,12.95,37416,228048,13.3625
600748,上实发展,5.43,156226,2089520,5.715
603177,德创环保,11.43,50465,332393,11.802499999999998
000655,金岭矿业,8.93,54144,732710,9.28
601121,宝地矿业,7.12,133619,685362,7.2125
605162,新中港,8.72,31323,182926,8.905
002843,泰嘉股份,18.05,39181,464950,18.564999999999998
603876,鼎胜新材,12.72,225500,1608375,13.280000000000001
601789,宁波建工,5.16,131978,1803781,5.307499999999999
002918,蒙娜丽莎,13.94,42561,222811,13.98
600173,卧龙新能,7.14,65839,1516310,7.43
601900,南方传媒,13.42,71236,391660,13.637500000000001
600596,新安股份,10.71,166796,1261328,10.9925
603817,海峡环保,7.45,248422,1326484,7.4875
000559,万向钱潮,11.76,558760,4610283,11.9175
600490,鹏欣资源,7.19,348431,2582915,7.275
001326,联域股份,42.27,6298,65783,42.955
001356,富岭股份,13.05,18139,274873,13.377500000000001
603689,皖天然气,8.07,28074,181256,8.25
600507,方大特钢,5.68,184895,981725,5.755
002654,万润科技,13.51,220369,2259980,13.9625
002205,国统股份,13.36,44802,437643,14.42
002215,诺 普 信,10.7,104416,650783,11.075
002190,成飞集成,37.04,66425,534212,38.2625
603299,苏盐井神,10.0,99163,604598,10.195
600390,五矿资本,5.43,259878,1515682,5.5425
601022,宁波远洋,9.21,69595,972026,9.3275
600618,氯碱化工,11.74,88386,877620,12.3575
600588,用友网络,12.89,426015,2676992,13.4075
001300,三柏硕,15.21,29792,221093,15.315000000000001
002785,万里石,35.33,38505,322033,35.8975
002453,华软科技,6.5,203523,1921616,6.89
002549,凯美特气,20.43,424877,2338330,21.1775
600511,国药股份,28.93,35542,180470,29.085
603618,杭电股份,8.02,226134,2038001,8.065
002799,环球印务,8.43,85449,440082,8.6625
002065,东华软件,9.93,448889,6164715,10.0775
000011,深物业A,8.96,67140,459470,9.305
002696,百洋股份,6.57,106893,604723,6.905
600551,时代出版,8.22,40000,470602,8.415000000000001
001216,华瓷股份,16.78,97866,505646,18.005
002165,红 宝 丽,7.63,128763,824661,7.9575
002553,南方精工,26.2,66315,554625,26.200000000000003
600818,中路股份,9.79,40922,343455,10.174999999999999
002828,贝肯能源,10.71,103831,883748,11.1225
003027,同兴科技,19.45,34162,287329,20.575
601136,首创证券,19.48,122952,1645106,19.8425
002091,江苏国泰,8.56,313967,1851297,8.977500000000001
600731,湖南海利,6.68,57482,313567,6.9624999999999995
603888,新华网,19.24,46497,437743,19.6475
002331,皖通科技,8.7,118461,968747,9.045
000590,启迪药业,11.08,30718,261004,11.315
603208,江山欧派,14.64,28162,177150,14.725
001896,豫能控股,5.57,161692,946988,5.5875
600556,天下秀,5.71,543736,3929342,6.2325
003012,东鹏控股,6.69,56883,466568,6.800000000000001
001914,招商积余,11.02,48866,246739,11.162500000000001
002951,金时科技,12.84,15082,269610,13.2975
600535,天士力,15.27,111154,577227,15.29
000537,中绿电,8.36,84909,511209,8.395
000679,大连友谊,7.96,35225,265503,8.1525
002530,金财互联,9.74,114496,2363861,9.9025
603312,西典新能,49.05,28320,142523,49.2725
002855,捷荣技术,16.89,32522,237991,17.53
002258,利尔化学,12.85,83269,467965,12.9425
605566,福莱蒽特,29.23,16681,84520,29.384999999999998
000605,渤海股份,6.72,50400,386552,6.955
600682,南京新百,7.61,202399,1942808,7.875
